,id,name,type,class,HGNC_SYMBOL,UNIPROT,CHEBI,PUBCHEM,PUBCHEM_SUBSTANCE,GO,REACTOME,PUBMED
0,627069.0,GDNF,Gene,element,GDNF,P39905,,,,,,
1,634635.0,NR2F1,Gene,element,NR2F1,P10589,,,,,,
2,634412.0,NR2F2,Gene,element,NR2F2,P24468,,,,,,
3,634311.0,NRP1,Gene,element,NRP1,O14786,,,,,,
4,634314.0,NRP2,Gene,element,NRP2,O60462,,,,,,
5,630216.0,SLC25A14,Gene,element,SLC25A14,O95258,,,,,,
6,630187.0,SLC25A27,Gene,element,SLC25A27,O95847,,,,,,
7,635151.0,SRR,Gene,element,SRR,Q9GZT4,,,,,,
8,627072.0,TGFB1,Gene,element,TGFB1,P01137,,,,,,
9,633189.0,ABCB1,Protein,element,ABCB1,P08183,,,,,,
10,627551.0,ACACA,Protein,element,ACACA,Q13085,,,,,,
11,627565.0,ACACB,Protein,element,ACACB,O00763,,,,,,
12,627844.0,ACADL,Protein,element,ACADL,P28330,,,,,,
13,627833.0,ACADM,Protein,element,ACADM,P11310,,,,,,
14,627853.0,ACADS,Protein,element,ACADS,P16219,,,,,,
15,627977.0,ACADVL,Protein,element,ACADVL,P49748,,,,,,
16,628182.0,ACAT1,Protein,element,ACAT1,P24752,,,,,,
17,626824.0,ACE,Protein,element,ACE,P12821,,,,,,
18,627695.0,ACLY,Protein,element,ACLY,P53396,,,,,,
19,630924.0,ACO1,Protein,element,ACO1,P21399,,,,,,
20,628244.0,ACO2,Protein,element,ACO2,Q99798,,,,,,
21,627718.0,ACSL1,Protein,element,ACSL1,P33121,,,,,,
22,627705.0,ACSL3,Protein,element,ACSL3,O95573,,,,,,
23,627661.0,ACSL4,Protein,element,ACSL4,O60488,,,,,,
24,627704.0,ACSL5,Protein,element,ACSL5,Q9ULC5,,,,,,
25,627720.0,ACSL6,Protein,element,ACSL6,Q9UKU0,,,,,,
26,627841.0,ACSS1,Protein,element,ACSS1,Q9NUB1,,,,,,
27,626965.0,ACSS2,Protein,element,ACSS2,Q9NR19,,,,,,
28,629631.0,ACTG2,Protein,element,ACTG2,P63267,,,,,,
29,634505.0,ACTN2,Protein,element,ACTN2,P35609,,,,,,
30,630597.0,ACTR1A,Protein,element,ACTR1A,P61163,,,,,,
31,632318.0,ADD1,Protein,element,ADD1,P35611,,,,,,
32,631491.0,ADH1A,Protein,element,ADH1A,P07327,,,,,,
33,628195.0,ADHFE1,Protein,element,ADHFE1,Q8IWW8,,,,,,
34,626661.0,ADORA2A,Protein,element,ADORA2A,P29274,,,,,,
35,626288.0,AGER,Protein,element,AGER,Q15109,,,,,,
36,629388.0,AGO2,Protein,element,AGO2,Q9UKV8,,,,,,
37,626916.0,AGT,Protein,element,AGT,P01019,,,,,,
38,626321.0,AGTR1,Protein,element,AGTR1,P30556,,,,,,
39,626324.0,AGTR2,Protein,element,AGTR2,P50052,,,,,,
40,632877.0,AHCYL1,Protein,element,AHCYL1,O43865,,,,,,
41,633673.0,AIF1,Protein,element,AIF1,P55008,,,,,,
42,628700.0,AIMP2,Protein,element,AIMP2,Q13155,,,,,,
43,631852.0,AKAP1,Protein,element,AKAP1,Q92667,,,,,,
44,628954.0,AKAP5,Protein,element,AKAP5,P24588,,,,,,
45,629692.0,AKR1A1,Protein,element,AKR1A1,P14550,,,,,,
46,627010.0,AKR1B1,Protein,element,AKR1B1,P15121,,,,,,
47,627636.0,AKR1C3,Protein,element,AKR1C3,P42330,,,,,,
48,627245.0,AKT1,Protein,element,AKT1,P31749,,,,,,
49,630465.0,ALDH1A1,Protein,element,ALDH1A1,P00352,,,,,,
50,628192.0,ALDH2,Protein,element,ALDH2,P05091,,,,,,
51,632571.0,ALDH3A1,Protein,element,ALDH3A1,P30838,,,,,,
52,631759.0,ALDH9A1,Protein,element,ALDH9A1,P49189,,,,,,
53,633187.0,ALDOA,Protein,element,ALDOA,P04075,,,,,,
54,630469.0,AMBRA1,Protein,element,AMBRA1,Q9C0C7,,,,,,
55,628941.0,ANPEP,Protein,element,ANPEP,P15144,,,,,,
56,635390.0,ANXA2,Protein,element,ANXA2,P07355,,,,,,
57,632289.0,APAF1,Protein,element,APAF1,O14727,,,,,,
58,627053.0,APC,Protein,element,APC,P25054,,,,,,
59,635253.0,APOE,Protein,element,APOE,P02649,,,,,,
60,626888.0,APP,Protein,element,APP,P05067,,,,,,
61,627957.0,AQP8,Protein,element,AQP8,O94778,,,,,,
62,631663.0,ARF5,Protein,element,ARF5,P84085,,,,,,22111578.0
63,626371.0,ARG1,Protein,element,ARG1,P05089,,,,,,
64,630527.0,ARHGEF7,Protein,element,ARHGEF7,Q14155,,,,,,
65,632789.0,ARPP21,Protein,element,ARPP21,Q9UBL0,,,,,,
66,628673.0,ATAD1,Protein,element,ATAD1,Q8NBU5,,,,,,
67,631486.0,ATAT1,Protein,element,ATAT1,Q5SQI0,,,,,,
68,628594.0,ATF4,Protein,element,ATF4,P18848,,,,,,
69,629205.0,ATF6,Protein,element,ATF6,P18850,,,,,,
70,631558.0,ATG10,Protein,element,ATG10,Q9H0Y0,,,,,,
71,629097.0,ATG12,Protein,element,ATG12,O94817,,,,,,
72,631629.0,ATG13,Protein,element,ATG13,O75143,,,,,,
73,631583.0,ATG14,Protein,element,ATG14,Q6ZNE5,,,,,,
74,629668.0,ATG16L1,Protein,element,ATG16L1,Q676U5,,,,,,
75,629749.0,ATG3,Protein,element,ATG3,Q9NT62,,,,,,
76,629104.0,ATG4B,Protein,element,ATG4B,Q9Y4P1,,,,,,
77,628650.0,ATG5,Protein,element,ATG5,Q9H1Y0,,,,,,
78,627121.0,ATG7,Protein,element,ATG7,O95352,,,,,,
79,627601.0,ATOX1,Protein,element,ATOX1,O00244,,,,,,
80,627293.0,ATP13A2,Protein,element,ATP13A2,Q9NQ11,,,,,,
81,632552.0,ATP1A3,Protein,element,ATP1A3,P13637,,,,,,
82,631543.0,ATP1B1,Protein,element,ATP1B1,P05026,,,,,,
83,628665.0,ATP5F1A,Protein,element,ATP5F1A,P25705,,,,,,
84,628668.0,ATP5F1B,Protein,element,ATP5F1B,P06576,,,,,,
85,628669.0,ATP5PB,Protein,element,ATP5PB,P24539,,,,,,
86,627577.0,ATP7A,Protein,element,ATP7A,Q04656,,,,,,
87,628592.0,ATXN3,Protein,element,ATXN3,P54252,,,,,,
88,629837.0,BACE1,Protein,element,BACE1,P56817,,,,,,
89,632300.0,BAD,Protein,element,BAD,Q92934,,,,,,
90,627111.0,BAG1,Protein,element,BAG1,Q99933,,,,,,
91,631344.0,BAG2,Protein,element,BAG2,O95816,,,,,,
92,627420.0,BAG3,Protein,element,BAG3,O95817,,,,,,
93,631863.0,BAG4,Protein,element,BAG4,O95429,,,,,,
94,631502.0,BAG5,Protein,element,BAG5,Q9UL15,,,,,,
95,629108.0,BAK1,Protein,element,BAK1,Q16611,,,,,,
96,632269.0,BAX,Protein,element,BAX,Q07812,,,,,,
97,632285.0,BBC3,Protein,element,BBC3,Q9BXH1,,,,,,
98,632285.0,BBC3,Protein,element,BBC3,Q96PG8,,,,,,
99,631393.0,BBIP1,Protein,element,BBIP1,A8MTZ0,,,,,,
100,628737.0,BCAP31,Protein,element,BCAP31,P51572,,,,,,
101,634131.0,BCL11B,Protein,element,BCL11B,Q9C0K0,,,,,,
102,627094.0,BCL2,Protein,element,BCL2,P10415,,,,,,
103,628892.0,BCL2L1,Protein,element,BCL2L1,Q07817,,,,,,
104,627432.0,BCL2L11,Protein,element,BCL2L11,O43521,,,,,,
105,627931.0,BDH1,Protein,element,BDH1,Q02338,,,,,,
106,626855.0,BDNF,Protein,element,BDNF,P23560,,,,,,
107,628612.0,BECN1,Protein,element,BECN1,Q14457,,,,,,
108,632291.0,BID,Protein,element,BID,P55957,,,,,,
109,631091.0,BLVRA,Protein,element,BLVRA,P53004,,,,,,
110,627426.0,BMF,Protein,element,BMF,Q96LC9,,,,,,
111,631304.0,BNIP3,Protein,element,BNIP3,Q12983,,,,,,
112,629024.0,BNIP3L,Protein,element,BNIP3L,O60238,,,,,,
113,633140.0,BPGM,Protein,element,BPGM,P07738,,,,,,
114,629232.0,BTRC,Protein,element,BTRC,Q9Y297,,,,,,
115,626898.0,C3,Protein,element,C3,P01024,,,,,,
116,628893.0,CABP1,Protein,element,CABP1,Q9NZU7,,,,,,
117,627411.0,CADPS2,Protein,element,CADPS2,Q86UW7,,,,,,
118,634184.0,CALB2,Protein,element,CALB2,P22676,,,,,,
119,628888.0,CALM1,Protein,element,CALM1,P0DP23,,,,,,
120,631499.0,CAMK1,Protein,element,CAMK1,Q14012,,,,,,
121,631369.0,CAMK4,Protein,element,CAMK4,Q16566,,,,,,
122,628647.0,CAMKK2,Protein,element,CAMKK2,Q96RR4,,,,,,
123,629152.0,CAPN1,Protein,element,CAPN1,P07384,,,,,,
124,632386.0,CAPN2,Protein,element,CAPN2,P17655,,,,,,
125,626543.0,CASP1,Protein,element,CASP1,P29466,,,,,,
126,632299.0,CASP2,Protein,element,CASP2,P42575,,,,,,
127,627012.0,CASP3,Protein,element,CASP3,P42574,,,,,,
128,628584.0,CASP6,Protein,element,CASP6,P55212,,,,,,
129,632407.0,CASP7,Protein,element,CASP7,P55210,,,,,,
130,626701.0,CASP8,Protein,element,CASP8,Q14790,,,,,,
131,632290.0,CASP9,Protein,element,CASP9,P55211,,,,,,
132,627590.0,CAT,Protein,element,CAT,P04040,,,,,,
133,634136.0,CCK,Protein,element,CCK,P06307,,,,,,
134,629363.0,CCN4,Protein,element,CCN4,O95388,,,,,,
135,627120.0,CCNB1,Protein,element,CCNB1,P14635,,,,,,
136,626583.0,CD14,Protein,element,CD14,P08571,,,,,,
137,626697.0,CD200,Protein,element,CD200,P41217,,,,,,
138,626900.0,CD200R1,Protein,element,CD200R1,Q8TD46,,,,,,
139,626698.0,CD22,Protein,element,CD22,P20273,,,,,,
140,626799.0,CD36,Protein,element,CD36,P16671,,,,,,
141,626729.0,CD47,Protein,element,CD47,Q08722,,,,,,
142,626519.0,CD68,Protein,element,CD68,P34810,,,,,,
143,627181.0,CDC42,Protein,element,CDC42,P60953,,,,,,
144,629626.0,CDH1,Protein,element,CDH1,P12830,,,,,,
145,631623.0,CDK1,Protein,element,CDK1,P06493,,,,,,
146,631793.0,CDK2,Protein,element,CDK2,P24941,,,,,,
147,628974.0,CDK5,Protein,element,CDK5,Q00535,,,,,,
148,632102.0,CDK5R1,Protein,element,CDK5R1,Q15078,,,,,,
149,629116.0,CDKN1B,Protein,element,CDKN1B,P46527,,,,,,
150,629866.0,CEBPB,Protein,element,CEBPB,P17676,,,,,,
151,631278.0,CFLAR,Protein,element,CFLAR,O15519,,,,,,
152,628537.0,CHCHD2,Protein,element,CHCHD2,Q9Y6H1,,,,,,
153,632711.0,CHCHD4,Protein,element,CHCHD4,Q8N4Q1,,,,,,
154,634007.0,CHRM1,Protein,element,CHRM1,P11229,,,,,,
155,632785.0,CHRM4,Protein,element,CHRM4,P08173,,,,,,
156,635438.0,CHRNA7,Protein,element,CHRNA7,P36544,,,,,,
157,631964.0,CHUK,Protein,element,CHUK,O15111,,,,,,
158,628679.0,CISD1,Protein,element,CISD1,Q9NZ45,,,,,,
159,629054.0,CLPB,Protein,element,CLPB,Q9H078,,,,,,
160,629063.0,CLPP,Protein,element,CLPP,Q16740,,,,,,
161,632875.0,CNR1,Protein,element,CNR1,P21554,,,,,,
162,630996.0,COASY,Protein,element,COASY,Q13057,,,,,,
163,631747.0,COMT,Protein,element,COMT,P21964,,,,,,
164,630842.0,CP,Protein,element,CP,P00450,,,,,,
165,626967.0,CPLX1,Protein,element,CPLX1,O14810,,,,,,
166,627745.0,CPT1A,Protein,element,CPT1A,P50416,,,,,,
167,627767.0,CPT1B,Protein,element,CPT1B,Q92523,,,,,,
168,628157.0,CPT2,Protein,element,CPT2,P23786,,,,,,
169,629922.0,CREB1,Protein,element,CREB1,P16220,,,,,,
170,629896.0,CREBBP,Protein,element,CREBBP,Q92793,,,,,,
171,629266.0,CRTC1,Protein,element,CRTC1,Q6UUV9,,,,,,
172,628638.0,CRTC2,Protein,element,CRTC2,Q53ET0,,,,,,
173,633907.0,CRYAB,Protein,element,CRYAB,P02511,,,,,,
174,627839.0,CS,Protein,element,CS,O75390,,,,,,
175,630587.0,CSNK1A1,Protein,element,CSNK1A1,P48729,,,,,,
176,631473.0,CSNK2A2,Protein,element,CSNK2A2,P19784,,,,,,
177,627042.0,CTNNB1,Protein,element,CTNNB1,P35222,,,,,,
178,632068.0,CTNND2,Protein,element,CTNND2,Q9UQB3,,,,,,
179,633075.0,CTSB,Protein,element,CTSB,P07858,,,,,,
180,631904.0,CTSD (32kDa),Protein,element,CTSD,P07339,,,,,,
181,629614.0,CUL3,Protein,element,CUL3,Q13618,,,,,,
182,626725.0,CX3CL1,Protein,element,CX3CL1,P78423,,,,,,
183,626826.0,CX3CR1,Protein,element,CX3CR1,P49238,,,,,,
184,634455.0,CXCR4,Protein,element,CXCR4,P61073,,,,,,
185,626605.0,CYBB,Protein,element,CYBB,P04839,,,,,,
186,627795.0,CYCS,Protein,element,CYCS,P99999,,,,,,
187,628190.0,D2HGDH,Protein,element,D2HGDH,Q8N465,,,,,,
188,635305.0,DAO,Protein,element,DAO,P14920,,,,,,
189,629132.0,DAPK1,Protein,element,DAPK1,P53355,,,,,,
190,632010.0,DAXX,Protein,element,DAXX,Q9UER7,,,,,,
191,632387.0,DBNL,Protein,element,DBNL,Q9UJU6,,,,,,
192,630606.0,DCTN1,Protein,element,DCTN1,Q14203,,,,,,
193,632767.0,DDC,Protein,element,DDC,P20711,,,,,,
194,629317.0,DDIT3,Protein,element,DDIT3,P0DPQ6,,,,,,
195,629317.0,DDIT3,Protein,element,DDIT3,P35638,,,,,,
196,628709.0,DDIT4,Protein,element,DDIT4,Q9NX09,,,,,,
197,628236.0,DECR1,Protein,element,DECR1,Q16698,,,,,,
198,627726.0,DGAT1,Protein,element,DGAT1,O75907,,,,,,
199,627716.0,DGAT2,Protein,element,DGAT2,Q96PD7,,,,,,
200,632430.0,DIABLO,Protein,element,DIABLO,Q9NR28,,,,,,
201,627009.0,DLG1,Protein,element,DLG1,Q12959,,,,,,
202,632649.0,DLG4,Protein,element,DLG4,P78352,,,,,,
203,628590.0,DNAJB1,Protein,element,DNAJB1,P25685,,,,,,
204,631206.0,DNAJB2,Protein,element,DNAJB2,P25686,,,,,,
205,629716.0,DNAJC13,Protein,element,DNAJC13,O75165,,,,,,
206,632603.0,DNAJC6,Protein,element,DNAJC6,O75061,,,,,,
207,626940.0,DNM1L,Protein,element,DNM1L,O00429,,,,,,
208,632654.0,DNM2,Protein,element,DNM2,P50570,,,,,,
209,630182.0,DNMT1,Protein,element,DNMT1,P26358,,,,,,
210,633938.0,DPP3,Protein,element,DPP3,Q9NY33,,,,,,
211,630607.0,DPYSL2,Protein,element,DPYSL2,Q16555,,,,,,
212,632872.0,DRD1,Protein,element,DRD1,P21728,,,,,,
213,629082.0,DRD2,Protein,element,DRD2,P14416,,,,,,
214,633133.0,DRD3,Protein,element,DRD3,P35462,,,,,,
215,631803.0,DYNLL1,Protein,element,DYNLL1,P63167,,,,,,
216,631804.0,DYNLL2,Protein,element,DYNLL2,Q96FJ2,,,,,,
217,629357.0,E2F1,Protein,element,E2F1,Q01094,,,,,,
218,628125.0,ECHS1,Protein,element,ECHS1,P30084,,,,,,
219,627879.0,ECI1,Protein,element,ECI1,P42126,,,,,,
220,632797.0,EEF2K,Protein,element,EEF2K,O00418,,,,,,
221,635013.0,EFNB3,Protein,element,EFNB3,Q15768,,,,,,
222,627020.0,EIF2A,Protein,element,EIF2A,Q9BY44,,,,,,
223,631718.0,EIF2AK2,Protein,element,EIF2AK2,P19525,,,,,,
224,629194.0,EIF2AK3,Protein,element,EIF2AK3,Q9NZJ5,,,,,,
225,631261.0,EIF2AK4,Protein,element,EIF2AK4,Q9P2K8,,,,,,
226,629368.0,EIF4E,Protein,element,EIF4E,P06730,,,,,,
227,629290.0,EIF4EBP1,Protein,element,EIF4EBP1,Q13541,,,,,,
228,627729.0,ELOVL3,Protein,element,ELOVL3,Q9HB03,,,,,,
229,627667.0,ELOVL4,Protein,element,ELOVL4,Q9GZR5,,,,,,
230,627666.0,ELOVL5,Protein,element,ELOVL5,Q9NYP7,,,,,,
231,627719.0,ELOVL6,Protein,element,ELOVL6,Q9H5J4,,,,,,
232,627662.0,ELOVL7,Protein,element,ELOVL7,A1L3X0,,,,,,
233,630154.0,EN1,Protein,element,EN1,Q05925,,,,,,
234,633190.0,ENO1,Protein,element,ENO1,P06733,,,,,,
235,628732.0,EP300,Protein,element,EP300,Q09472,,,,,,
236,627085.0,EPB41L1,Protein,element,EPB41L1,Q9H4G0,,,,,,
237,635040.0,EPHA4,Protein,element,EPHA4,P54764,,,,,,
238,635027.0,EPHB3,Protein,element,EPHB3,P54753,,,,,,
239,634802.0,EPO,Protein,element,EPO,P01588,,,,,,
240,629175.0,ERN1,Protein,element,ERN1,O75460,,,,,,
241,629206.0,ERN2,Protein,element,ERN2,Q76MJ5,,,,,,
242,629183.0,ERO1A,Protein,element,ERO1A,Q96HE7,,,,,,
243,630460.0,ESRRA,Protein,element,ESRRA,P11474,,,,,,
244,633791.0,F2,Protein,element,F2,P00734,,,,,,
245,632591.0,FAF1,Protein,element,FAF1,Q9UNN5,,,,,,
246,626696.0,FAS,Protein,element,FAS,P25445,,,,,,
247,626749.0,FASLG,Protein,element,FASLG,P48023,,,,,,
248,627594.0,FASN,Protein,element,FASN,P49327,,,,,,
249,631388.0,FBP1,Protein,element,FBP1,P09467,,,,,,
250,631293.0,FBXL4,Protein,element,FBXL4,Q9UKA2,,,,,,
251,635164.0,FBXO22,Protein,element,FBXO22,Q8NEZ5,,,,,,
252,631508.0,FBXO7,Protein,element,FBXO7,Q9Y3I1,,,,,,
253,631513.0,FBXW7,Protein,element,FBXW7,Q969H0,,,,,,
254,633124.0,FCGR2B,Protein,element,FCGR2B,P31994,,,,,,
255,634207.0,FEZF2,Protein,element,FEZF2,Q8TBJ5,,,,,,
256,629417.0,FIS1,Protein,element,FIS1,Q9Y3D6,,,,,,
257,627023.0,FKBP4,Protein,element,FKBP4,Q02790,,,,,,
258,626315.0,FOXA2,Protein,element,FOXA2,Q9Y261,,,,,,
259,630556.0,FOXO1,Protein,element,FOXO1,Q12778,,,,,,
260,630030.0,FOXO3,Protein,element,FOXO3,O43524,,,,,,
261,634099.0,FOXP2,Protein,element,FOXP2,O15409,,,,,,
262,630832.0,FTH1,Protein,element,FTH1,P02794,,,,,,
263,630795.0,FTL,Protein,element,FTL,P02792,,,,,,
264,630992.0,FTMT,Protein,element,FTMT,Q8N4E7,,,,,,
265,628719.0,FUBP1,Protein,element,FUBP1,Q96AE4,,,,,,
266,631009.0,FXN,Protein,element,FXN,Q16595,,,,,,
267,626381.0,FYN,Protein,element,FYN,P06241,,,,,,
268,627045.0,FZD1,Protein,element,FZD1,Q9UP38,,,,,,
269,627373.0,G6PD,Protein,element,G6PD,P11413,,,,,,
270,626983.0,GABARAP,Protein,element,GABARAP,O95166,,,,,,
271,628998.0,GABARAPL1,Protein,element,GABARAPL1,Q9H0R8,,,,,,
272,629926.0,GABPA,Protein,element,GABPA,Q06546,,,,,,
273,634509.0,GABRA1,Protein,element,GABRA1,P14867,,,,,,
274,634385.0,GAD1,Protein,element,GAD1,Q99259,,,,,,
275,631817.0,GAK,Protein,element,GAK,O14976,,,,,,
276,632551.0,GALM,Protein,element,GALM,Q96C23,,,,,,
277,633199.0,GAPDH,Protein,element,GAPDH,P04406,,,,,,
278,632346.0,GAS2,Protein,element,GAS2,O43903,,,,,,
279,630159.0,GATA2,Protein,element,GATA2,P23769,,,,,,
280,634677.0,GCG,Protein,element,GCG,P01275,,,,,,
281,629627.0,GCH1,Protein,element,GCH1,P30793,,,,,,
282,628759.0,GCHFR,Protein,element,GCHFR,P30047,,,,,,
283,627417.0,GCK,Protein,element,GCK,P35557,,,,,,
284,632550.0,GCLC,Protein,element,GCLC,P48506,,,,,,
285,632691.0,GCLM,Protein,element,GCLM,P48507,,,,,,
286,626748.0,GFAP,Protein,element,GFAP,P14136,,,,,,
287,629310.0,GFRA1,Protein,element,GFRA1,P56159,,,,,,
288,633182.0,GGT1,Protein,element,GGT1,P19440,,,,,,
289,628674.0,GHITM,Protein,element,GHITM,Q9H3K2,,,,,,
290,629575.0,GHRL,Protein,element,GHRL,Q9UBU3,,,,,,
291,633847.0,GIPR,Protein,element,GIPR,P48546,,,,,,
292,627606.0,GK,Protein,element,GK,P32189,,,,,,
293,633849.0,GLP1R,Protein,element,GLP1R,P43220,,,,,,28666800.0
294,626548.0,GLRX,Protein,element,GLRX,P35754,,,,,,
295,628602.0,GLRX2,Protein,element,GLRX2,Q9NS18,,,,,,
296,627847.0,GLUD1,Protein,element,GLUD1,P00367,,,,,,
297,632817.0,GNAL,Protein,element,GNAL,P38405,,,,,,
298,628619.0,GNAQ,Protein,element,GNAQ,P50148,,,,,,
299,632810.0,GNAS,Protein,element,GNAS,P63092,,,,,,
300,632810.0,GNAS,Protein,element,GNAS,Q5JWF2,,,,,,
301,632810.0,GNAS,Protein,element,GNAS,P84996,,,,,,
302,632810.0,GNAS,Protein,element,GNAS,O95467,,,,,,
303,627778.0,GPAM,Protein,element,GPAM,Q9HCL2,,,,,,
304,627763.0,GPAT2,Protein,element,GPAT2,Q6NUI2,,,,,,
305,627723.0,GPAT3,Protein,element,GPAT3,Q53EU6,,,,,,
306,627725.0,GPAT4,Protein,element,GPAT4,Q86UL3,,,,,,
307,627649.0,GPD1,Protein,element,GPD1,P21695,,,,,,
308,627994.0,GPD2,Protein,element,GPD2,P43304,,,,,,
309,629745.0,GPI,Protein,element,GPI,P06744,,,,,,
310,628695.0,GPR37,Protein,element,GPR37,O15354,,,,,,
311,627609.0,GPX1,Protein,element,GPX1,P07203,,,,,,
312,627688.0,GPX2,Protein,element,GPX2,P18283,,,,,,
313,628299.0,GPX3,Protein,element,GPX3,P22352,,,,,,
314,627787.0,GPX4,Protein,element,GPX4,P36969,,,,,,
315,631447.0,GRIA1,Protein,element,GRIA1,P42261,,,,,,
316,628560.0,GRIA2,Protein,element,GRIA2,P42262,,,,,,
317,631764.0,GRIP1,Protein,element,GRIP1,Q9Y3R0,,,,,,
318,632708.0,GRK5,Protein,element,GRK5,P34947,,,,,,
319,631394.0,GRM1,Protein,element,GRM1,Q13255,,,,,,
320,627074.0,GRM3,Protein,element,GRM3,Q14832,,,,,,
321,628735.0,GRM4,Protein,element,GRM4,Q14833,,,,,,
322,633996.0,GRM5,Protein,element,GRM5,P41594,,,,,,
323,633805.0,GRM7,Protein,element,GRM7,Q14831,,,,,,
324,628569.0,GSK3A,Protein,element,GSK3A,P49840,,,,,,
325,626562.0,GSK3B,Protein,element,GSK3B,P49841,,,,,,
326,632416.0,GSN,Protein,element,GSN,P06396,,,,,,
327,627866.0,GSR,Protein,element,GSR,P00390,,,,,,
328,628936.0,GSS,Protein,element,GSS,P48637,,,,,,
329,627108.0,GSTP1,Protein,element,GSTP1,P09211,,,,,,
330,632363.0,GZMB,Protein,element,GZMB,P10144,,,,,,
331,627843.0,HADH,Protein,element,HADH,Q16836,,,,,,
332,628675.0,HADHA,Protein,element,HADHA,P40939,,,,,,
333,630666.0,HAMP,Protein,element,HAMP,P81172,,,,,,27039308.0
334,629038.0,HAX1,Protein,element,HAX1,O00165,,,,,,
335,626573.0,HCAR2,Protein,element,HCAR2,Q8TDS4,,,,,,
336,627122.0,HDAC6,Protein,element,HDAC6,Q9UBN7,,,,,,
337,635602.0,HDC,Protein,element,HDC,P19113,,,,,,
338,630841.0,HEPH,Protein,element,HEPH,Q9BQS7,,,,,,
339,629258.0,HERPUD1,Protein,element,HERPUD1,Q15011,,,,,,
340,627086.0,HK1,Protein,element,HK1,P19367,,,,,,
341,632422.0,HK2,Protein,element,HK2,P52789,,,,,,
342,626835.0,HMGB1,Protein,element,HMGB1,P09429,,,,,,
343,627856.0,HMGCL,Protein,element,HMGCL,P35914,,,,,,
344,627837.0,HMGCS2,Protein,element,HMGCS2,P54868,,,,,,
345,626588.0,HMOX1,Protein,element,HMOX1,P09601,,,,,,
346,628761.0,HNRNPF,Protein,element,HNRNPF,P52597,,,,,,
347,635619.0,HRH1,Protein,element,HRH1,P35367,,,,,,
348,635589.0,HRH3,Protein,element,HRH3,Q9Y5N1,,,,,,
349,635435.0,HRH4,Protein,element,HRH4,Q9H3N8,,,,,,
350,627728.0,HSD17B12,Protein,element,HSD17B12,Q53GQ0,,,,,,
351,628672.0,HSDL1,Protein,element,HSDL1,Q3SXM5,,,,,,
352,630189.0,HSF1,Protein,element,HSF1,Q00613,,,,,,
353,630497.0,HSPA1L,Protein,element,HSPA1L,P34931,,,,,,
354,628854.0,HSPA4,Protein,element,HSPA4,P34932,,,,,,
355,629167.0,HSPA5,Protein,element,HSPA5,P11021,,,,,,
356,629154.0,HSPA8,Protein,element,HSPA8,P11142,,,,,,
357,627244.0,HSPA9,Protein,element,HSPA9,P38646,,,,,,
358,631621.0,HSPB1,Protein,element,HSPB1,P04792,,,,,,
359,629257.0,HSPB8,Protein,element,HSPB8,Q9UJY1,,,,,,
360,626702.0,HSPD1,Protein,element,HSPD1,P10809,,,,,,
361,628980.0,HSPE1,Protein,element,HSPE1,P61604,,,,,,
362,634183.0,HTR3A,Protein,element,HTR3A,P46098,,,,,,
363,632783.0,HTR4,Protein,element,HTR4,Q13639,,,,,,
364,632855.0,HTR6,Protein,element,HTR6,P50406,,,,,,
365,628996.0,HTRA2,Protein,element,HTRA2,O43464,,,,,,
366,629636.0,HTT,Protein,element,HTT,P42858,,,,,,
367,626743.0,ICAM1,Protein,element,ICAM1,P05362,,,,,,
368,629353.0,IDE,Protein,element,IDE,P14735,,,,,,
369,626376.0,IFNG,Protein,element,IFNG,P01579,,,,,,
370,626878.0,IGF1,Protein,element,IGF1,P05019,,,,,,
371,626527.0,IGF1R,Protein,element,IGF1R,P08069,,,,,,
372,629840.0,IGF2R,Protein,element,IGF2R,P11717,,,,,,
373,626508.0,IKBKB,Protein,element,IKBKB,O14920,,,,,,
374,632032.0,IKBKG,Protein,element,IKBKG,Q9Y6K9,,,,,,
375,626529.0,IL10,Protein,element,IL10,P22301,,,,,,
376,626639.0,IL13,Protein,element,IL13,P35225,,,,,,
377,626651.0,IL18,Protein,element,IL18,Q14116,,,,,,
378,626298.0,IL1B,Protein,element,IL1B,P01584,,,,,,
379,626679.0,IL1R1,Protein,element,IL1R1,P14778,,,,,,
380,626792.0,IL4,Protein,element,IL4,P05112,,,,,,
381,626362.0,IL6,Protein,element,IL6,P05231,,,,,,
382,629348.0,INS,Protein,element,INS,P01308,,,,,,
383,629344.0,INSR,Protein,element,INSR,P06213,,,,,,
384,630954.0,IREB2,Protein,element,IREB2,P48200,,,,,,
385,629320.0,IRS1,Protein,element,IRS1,P35568,,,,,,
386,634839.0,ITGAM,Protein,element,ITGAM,P11215,,,,,,
387,632838.0,ITGB1,Protein,element,ITGB1,P05556,,,,,,
388,630929.0,ITLN1,Protein,element,ITLN1,Q8WWA0,,,,,,
389,632977.0,ITPR1,Protein,element,ITPR1,Q14643,,,,,,
390,632978.0,ITPR2,Protein,element,ITPR2,Q14571,,,,,,
391,632976.0,ITPR3,Protein,element,ITPR3,Q14573,,,,,,
392,630095.0,JUN,Protein,element,JUN,P05412,,,,,,
393,630363.0,KAT2A,Protein,element,KAT2A,Q92830,,,,,,
394,629717.0,KCNIP3,Protein,element,KCNIP3,Q9Y2W7,,,,,,
395,631530.0,KCNJ6,Protein,element,KCNJ6,P48051,,,,,,
396,635172.0,KDM4A,Protein,element,KDM4A,O75164,,,,,,
397,628559.0,KEAP1,Protein,element,KEAP1,Q14145,,,,,,
398,628547.0,KIF5B,Protein,element,KIF5B,P33176,,,,,,
399,633711.0,KMO,Protein,element,KMO,O15229,,,,,,
400,633825.0,KYAT1,Protein,element,KYAT1,Q16773,,,,,,
401,633703.0,KYNU,Protein,element,KYNU,Q16719,,,,,,
402,627829.0,L2HGDH,Protein,element,L2HGDH,Q9H9P8,,,,,,
403,631396.0,LAG3,Protein,element,LAG3,P18627,,,,,,
404,631894.0,LAMP2,Protein,element,LAMP2,P13473,,,,,,
405,635736.0,LGALS3,Protein,element,LGALS3,P17931,,,,,,
406,634364.0,LHX6,Protein,element,LHX6,Q9UPM6,,,,,,
407,627147.0,LIMK1,Protein,element,LIMK1,P53667,,,,,,
408,627228.0,LIMK2,Protein,element,LIMK2,P53671,,,,,,
409,629902.0,LMNA,Protein,element,LMNA,P02545,,,,,,
410,629067.0,LONP1,Protein,element,LONP1,P36776,,,,,,
411,627721.0,LPIN1,Protein,element,LPIN1,Q14693,,,,,,
412,627724.0,LPIN2,Protein,element,LPIN2,Q92539,,,,,,
413,627722.0,LPIN3,Protein,element,LPIN3,Q9BQK8,,,,,,
414,626345.0,LRRK2,Protein,element,LRRK2,Q5S007,,,,,,
415,632227.0,MAG,Protein,element,MAG,P20916,,,,,,
416,631522.0,MAOB,Protein,element,MAOB,P27338,,,,,,
417,628983.0,MAP1LC3A,Protein,element,MAP1LC3A,Q9H492,,,,,,
418,630644.0,MAP1LC3B,Protein,element,MAP1LC3B,Q9GZQ8,,,,,,
419,632987.0,MAP2,Protein,element,MAP2,P11137,,,,,,
420,632021.0,MAP2K3,Protein,element,MAP2K3,P46734,,,,,,
421,631968.0,MAP2K4,Protein,element,MAP2K4,P45985,,,,,,
422,631952.0,MAP2K6,Protein,element,MAP2K6,P52564,,,,,,
423,631955.0,MAP2K7,Protein,element,MAP2K7,O14733,,,,,,
424,629090.0,MAP3K5,Protein,element,MAP3K5,Q99683,,,,,,
425,626692.0,MAP3K7,Protein,element,MAP3K7,O43318,,,,,,
426,628558.0,MAPK1,Protein,element,MAPK1,P28482,,,,,,
427,631258.0,MAPK10,Protein,element,MAPK10,P53779,,,,,,
428,629076.0,MAPK12,Protein,element,MAPK12,P53778,,,,,,
429,632261.0,MAPK13,Protein,element,MAPK13,O15264,,,,,,
430,626306.0,MAPK14,Protein,element,MAPK14,Q16539,,,,,,
431,633868.0,MAPK3,Protein,element,MAPK3,P27361,,,,,,
432,626504.0,MAPK7,Protein,element,MAPK7,Q13164,,,,,,
433,630033.0,MAPK8,Protein,element,MAPK8,P45983,,,,,,
434,632421.0,MAPK8IP3,Protein,element,MAPK8IP3,Q9UPT6,,,,,,
435,628596.0,MAPK9,Protein,element,MAPK9,P45984,,,,,,
436,630592.0,MAPRE1,Protein,element,MAPRE1,Q15691,,,,,,
437,627112.0,MAPT,Protein,element,MAPT,P10636,,,,,,
438,629455.0,MARK2,Protein,element,MARK2,Q7KZI7,,,,,,
439,628270.0,MCEE,Protein,element,MCEE,Q96PE7,,,,,,
440,632293.0,MCL1,Protein,element,MCL1,Q07820,,,,,,
441,629379.0,MCOLN1,Protein,element,MCOLN1,Q9GZU1,,,,,,
442,629972.0,MEF2C,Protein,element,MEF2C,Q06413,,,,,,
443,630197.0,MEF2D,Protein,element,MEF2D,Q14814,,,,,,
444,633038.0,MERTK,Protein,element,MERTK,Q12866,,,,,,
445,629137.0,MFF,Protein,element,MFF,Q9GZY8,,,,,,
446,633626.0,MFGE8,Protein,element,MFGE8,Q08431,,,,,,
447,629021.0,MFN1,Protein,element,MFN1,Q8IWA4,,,,,,
448,628542.0,MFN2,Protein,element,MFN2,O95140,,,,,,
449,629869.0,MIDN,Protein,element,MIDN,Q504T8,,,,,,
450,629431.0,MIEF1,Protein,element,MIEF1,L0R8F8,,,,,,
451,629431.0,MIEF1,Protein,element,MIEF1,Q9NQG6,,,,,,
452,629432.0,MIEF2,Protein,element,MIEF2,Q96C03,,,,,,
453,634441.0,MKI67,Protein,element,MKI67,P46013,,,,,,
454,626881.0,MMP3,Protein,element,MMP3,P08254,,,,,,
455,626925.0,MMP9,Protein,element,MMP9,P14780,,,,,,
456,626763.0,MPO,Protein,element,MPO,P05164,,,,,,
457,629635.0,MRTFA,Protein,element,MRTFA,Q969V6,,,,,,
458,633062.0,MSR1,Protein,element,MSR1,P21757,,,,,,
459,631292.0,MSTO1,Protein,element,MSTO1,Q9BUK6,,,,,,
460,626949.0,MT3,Protein,element,MT3,P25713,,,,,,
461,627374.0,MUL1,Protein,element,MUL1,Q969V5,,,,,,
462,626606.0,MYD88,Protein,element,MYD88,Q99836,,,,,,
463,631775.0,MYO6,Protein,element,MYO6,Q9UM54,,,,,,
464,629576.0,NAMPT,Protein,element,NAMPT,P43490,,,,,,
465,629976.0,NCOR2,Protein,element,NCOR2,Q9Y618,,,,,,
466,631503.0,NCS1,Protein,element,NCS1,P62166,,,,,,
467,630777.0,NDFIP1,Protein,element,NDFIP1,Q9BT67,,,,,,
468,631661.0,NDN,Protein,element,NDN,Q99608,,,,,,
469,632281.0,NDRG1,Protein,element,NDRG1,Q92597,,,,,,
470,627444.0,NDUFA10,Protein,element,NDUFA10,O95299,,,,,,
471,628661.0,NDUFA4,Protein,element,NDUFA4,O00483,,,,,,
472,627479.0,NDUFA9,Protein,element,NDUFA9,Q16795,,,,,,
473,628667.0,NDUFS8,Protein,element,NDUFS8,O00217,,,,,,
474,626954.0,NEDD4,Protein,element,NEDD4,P46934,,,,,,
475,630783.0,NEDD4L,Protein,element,NEDD4L,Q96PU5,,,,,,
476,631490.0,NEDD8,Protein,element,NEDD8,Q15843,,,,,,
477,632287.0,NEK1,Protein,element,NEK1,Q96PY6,,,,,,
478,633628.0,NES,Protein,element,NES,P48681,,,,,,
479,626480.0,NFE2L2,Protein,element,NFE2L2,Q16236,,,,,,
480,626423.0,NFKB1,Protein,element,NFKB1,P19838,,,,,,
481,632005.0,NFKBIA,Protein,element,NFKBIA,P25963,,,,,,
482,626871.0,NGF,Protein,element,NGF,P01138,,,,,,
483,634356.0,NKX2-1,Protein,element,NKX2-1,P43699,,,,,,
484,633081.0,NLRP3,Protein,element,NLRP3,Q96P20,,,,,,
485,628662.0,NME2,Protein,element,NME2,P22392,,,,,,
486,629490.0,NMRK1,Protein,element,NMRK1,Q9NWW6,,,,,,
487,632403.0,NMT1,Protein,element,NMT1,P30419,,,,,,
488,628136.0,NNT,Protein,element,NNT,Q13423,,,,,,
489,634471.0,NOS1,Protein,element,NOS1,P29475,,,,,,
490,626305.0,NOS2,Protein,element,NOS2,P35228,,,,,,
491,629766.0,NOS3,Protein,element,NOS3,P29474,,,,,,
492,633749.0,NOX1,Protein,element,NOX1,Q9Y5S8,,,,,,
493,633748.0,NOX4,Protein,element,NOX4,Q9NPH5,,,,,,
494,631408.0,NPEPPS,Protein,element,NPEPPS,P55786,,,,,,
495,634472.0,NPY,Protein,element,NPY,P01303,,,,,,
496,632544.0,NQO1,Protein,element,NQO1,P15559,,,,,,
497,629913.0,NR1H4,Protein,element,NR1H4,Q96RI1,,,,,,
498,626465.0,NR3C1,Protein,element,NR3C1,P04150,,,,,,
499,626322.0,NR4A1,Protein,element,NR4A1,P22736,,,,,,
500,626365.0,NR4A2,Protein,element,NR4A2,P43354,,,,,,
501,634409.0,NR5A1,Protein,element,NR5A1,Q13285,,,,,,
502,630436.0,NRF1,Protein,element,NRF1,Q16656,,,,,,
503,630021.0,NSMF,Protein,element,NSMF,Q6X4W1,,,,,,
504,626806.0,NTF3,Protein,element,NTF3,P20783,,,,,,
505,629299.0,NTRK1,Protein,element,NTRK1,P04629,,,,,,
506,632781.0,NTRK2,Protein,element,NTRK2,Q16620,,,,,,
507,628069.0,NUDT2,Protein,element,NUDT2,P50583,,,,,,
508,633946.0,NUP62,Protein,element,NUP62,P37198,,,,,,
509,631311.0,OMA1,Protein,element,OMA1,Q96E52,,,,,,
510,632225.0,OMG,Protein,element,OMG,P23515,,,,,,
511,629426.0,OPA1,Protein,element,OPA1,O60313,,,,,,
512,634001.0,OPRD1,Protein,element,OPRD1,P41143,,,,,,
513,632773.0,OPRM1,Protein,element,OPRM1,P35372,,,,,,
514,629015.0,OPTN,Protein,element,OPTN,Q96CV9,,,,,,
515,628186.0,OXCT1,Protein,element,OXCT1,P55809,,,,,,
516,626544.0,P2RY6,Protein,element,P2RY6,Q15077,,,,,,
517,627612.0,P4HB,Protein,element,P4HB,P07237,,,,,,
518,627166.0,PAK6,Protein,element,PAK6,Q9NQU5,,,,,,
519,630970.0,PANK2,Protein,element,PANK2,Q9BZ23,,,,,,25656940.0
520,627015.0,PARK7,Protein,element,PARK7,Q99497,,,,,,
521,629050.0,PARL,Protein,element,PARL,Q9H300,,,,,,
522,629558.0,PARP1,Protein,element,PARP1,P09874,,,,,,
523,634313.0,PAX6,Protein,element,PAX6,P26367,,,,,,
524,630266.0,PBX1,Protein,element,PBX1,P40424,,,,,,
525,628137.0,PC,Protein,element,PC,P11498,,,,,,
526,635672.0,PDCD6IP,Protein,element,PDCD6IP,Q8WUM4,,,,,,
527,629187.0,PDIA2,Protein,element,PDIA2,Q13087,,,,,,
528,629289.0,PDPK1,Protein,element,PDPK1,O15530,,,,,,
529,634065.0,PENK,Protein,element,PENK,P01210,,,,,,
530,627391.0,PFKFB3,Protein,element,PFKFB3,Q16875,,,,,,
531,633171.0,PFKL,Protein,element,PFKL,P17858,,,,,,
532,631384.0,PFKM,Protein,element,PFKM,P08237,,,,,,
533,633316.0,PFKP,Protein,element,PFKP,Q01813,,,,,,
534,633234.0,PGAM4,Protein,element,PGAM4,Q8N0Y7,,,,,,
535,628641.0,PGAM5,Protein,element,PGAM5,Q96HS1,,,,,,
536,631660.0,PGD,Protein,element,PGD,P52209,,,,,,
537,633253.0,PGK1,Protein,element,PGK1,P00558,,,,,,
538,631617.0,PGLS,Protein,element,PGLS,O95336,,,,,,
539,627137.0,PGM1,Protein,element,PGM1,P36871,,,,,,
540,628664.0,PHB2,Protein,element,PHB2,Q99623,,,,,,
541,634898.0,PHGDH,Protein,element,PHGDH,O43175,,,,,,
542,629364.0,PHLPP1,Protein,element,PHLPP1,O60346,,,,,,
543,630204.0,PIAS4,Protein,element,PIAS4,Q8N2W9,,,,,,
544,635018.0,PICK1,Protein,element,PICK1,Q9NRD5,,,,,,
545,631749.0,PIK3C3,Protein,element,PIK3C3,Q8NEB9,,,,,,
546,627036.0,PIN1,Protein,element,PIN1,Q13526,,,,,,
547,627082.0,PINK1,Protein,element,PINK1,Q9BXM7,,,,,,
548,629217.0,PITX3,Protein,element,PITX3,O75364,,,,,,
549,633167.0,PKLR,Protein,element,PKLR,P30613,,,,,,
550,630984.0,PLA2G6,Protein,element,PLA2G6,O60733,,,,,,
551,627148.0,PLEC,Protein,element,PLEC,Q15149,,,,,,
552,631488.0,PLK2,Protein,element,PLK2,Q9NYY3,,,,,,
553,626961.0,PLK3,Protein,element,PLK3,Q9H4B4,,,,,,
554,626476.0,PLXNA1,Protein,element,PLXNA1,Q9UIW2,,,,,,
555,628663.0,PMPCA,Protein,element,PMPCA,Q10713,,,,,,
556,629065.0,PMPCB,Protein,element,PMPCB,O75439,,,,,,
557,630312.0,PPARA,Protein,element,PPARA,Q07869,,,,,,
558,626383.0,PPARG,Protein,element,PPARG,P37231,,,,,,
559,629906.0,PPARGC1A,Protein,element,PPARGC1A,Q9UBK2,,,,,,
560,626567.0,PPP1R12A,Protein,element,PPP1R12A,O14974,,,,,,
561,631510.0,PPP1R15A,Protein,element,PPP1R15A,O75807,,,,,,
562,632776.0,PPP1R1B,Protein,element,PPP1R1B,Q9UD71,,,,,,
563,632015.0,PPP5C,Protein,element,PPP5C,P53041,,,,,,
564,627686.0,PRDX1,Protein,element,PRDX1,Q06830,,,,,,
565,627602.0,PRDX2,Protein,element,PRDX2,P32119,,,,,,
566,630550.0,PRDX3,Protein,element,PRDX3,P30048,,,,,,
567,629174.0,PRDX4,Protein,element,PRDX4,Q13162,,,,,,
568,627630.0,PRDX5,Protein,element,PRDX5,P30044,,,,,,
569,627953.0,PRDX6,Protein,element,PRDX6,P30041,,,,,,
570,633032.0,PRKAA1,Protein,element,PRKAA1,Q13131,,,,,,
571,631409.0,PRKAA2,Protein,element,PRKAA2,P54646,,,,,,
572,628582.0,PRKACA,Protein,element,PRKACA,P17612,,,,,,
573,632865.0,PRKAR2B,Protein,element,PRKAR2B,P31323,,,,,,
574,635029.0,PRKCA,Protein,element,PRKCA,P17252,,,,,,
575,626357.0,PRKCD,Protein,element,PRKCD,Q05655,,,,,,
576,629769.0,PRKCI,Protein,element,PRKCI,P41743,,,,,,
577,627093.0,PRKD1,Protein,element,PRKD1,Q15139,,,,,,
578,627035.0,PRKN,Protein,element,PRKN,O60260,,,,,,
579,629616.0,PROX1,Protein,element,PROX1,Q92786,,,,,,
580,631911.0,PSAP,Protein,element,PSAP,P07602,,,,,,
581,628570.0,PSEN1,Protein,element,PSEN1,P49768,,,,,,
582,627021.0,PSEN2,Protein,element,PSEN2,P49810,,,,,,
583,628598.0,PSMA5,Protein,element,PSMA5,P28066,,,,,,
584,629277.0,PTEN,Protein,element,PTEN,P60484,,,,,,
585,627641.0,PTGDS,Protein,element,PTGDS,P41222,,,,,,
586,627596.0,PTGES,Protein,element,PTGES,O14684,,,,,,
587,627626.0,PTGES2,Protein,element,PTGES2,Q9H7Z7,,,,,,
588,627570.0,PTGES3,Protein,element,PTGES3,Q15185,,,,,,
589,626347.0,PTGS2,Protein,element,PTGS2,P35354,,,,,,
590,626366.0,PTK2,Protein,element,PTK2,Q05397,,,,,,
591,632543.0,PTMA,Protein,element,PTMA,P06454,,,,,,
592,632775.0,PTPN5,Protein,element,PTPN5,P54829,,,,,,
593,633126.0,PTPN6,Protein,element,PTPN6,P29350,,,,,,
594,626923.0,PTPRC,Protein,element,PTPRC,P08575,,,,,,
595,628657.0,PTRH2,Protein,element,PTRH2,Q9Y3E5,,,,,,
596,629243.0,PTS,Protein,element,PTS,Q03393,,,,,,
597,631838.0,PUM1,Protein,element,PUM1,Q14671,,,,,,
598,633127.0,PYCARD,Protein,element,PYCARD,Q9ULZ3,,,,,,
599,631819.0,RAB10,Protein,element,RAB10,P61026,,,,,,
600,630578.0,RAB29,Protein,element,RAB29,O14966,,,,,,
601,631354.0,RAB32,Protein,element,RAB32,Q13637,,,,,,
602,627410.0,RAB3A,Protein,element,RAB3A,P20336,,,,,,
603,629838.0,RAB5A,Protein,element,RAB5A,P20339,,,,,,
604,629112.0,RAB5B,Protein,element,RAB5B,P61020,,,,,,
605,631428.0,RAB7A,Protein,element,RAB7A,P51149,,,,,,
606,631820.0,RAB8A,Protein,element,RAB8A,P61006,,,,,,
607,626340.0,RAC1,Protein,element,RAC1,P63000,,,,,,
608,626459.0,RAC2,Protein,element,RAC2,P15153,,,,,,
609,627313.0,RALB,Protein,element,RALB,P11234,,,,,,
610,632811.0,RANBP9,Protein,element,RANBP9,Q96S59,,,,,,
611,632784.0,RAP1A,Protein,element,RAP1A,P62834,,,,,,
612,632777.0,RASGRF1,Protein,element,RASGRF1,Q13972,,,,,,16467520.0
613,632863.0,RASGRP2,Protein,element,RASGRP2,Q7LDG7,,,,,,
614,626408.0,RELA,Protein,element,RELA,Q04206,,,,,,
615,634111.0,RELN,Protein,element,RELN,P78509,,,,,,
616,629393.0,RET,Protein,element,RET,P07949,,,,,,
617,632883.0,RGS4,Protein,element,RGS4,P49798,,,,,,
618,631249.0,RGS6,Protein,element,RGS6,P49758,,,,,,
619,629516.0,RHEB,Protein,element,RHEB,Q15382,,,,,,
620,627218.0,RHO Kinase,Protein,element,RHO,P08100,,,,,,
621,626514.0,RHOA,Protein,element,RHOA,P61586,,,,,,
622,627466.0,RHOT1,Protein,element,RHOT1,Q8IXI2,,,,,,
623,627455.0,RHOT2,Protein,element,RHOT2,Q8IXI1,,,,,,
624,627019.0,RIMS1,Protein,element,RIMS1,Q86UR5,,,,,,
625,630015.0,RNF139,Protein,element,RNF139,Q8WU17,,,,,,
626,628894.0,ROCK1,Protein,element,ROCK1,Q13464,,,,,,
627,626538.0,ROCK2,Protein,element,ROCK2,O75116,,,,,,
628,629268.0,RPS15,Protein,element,RPS15,P62841,,,,,,
629,629269.0,RPS6KB1,Protein,element,RPS6KB1,P23443,,,,,,
630,627250.0,RTN4,Protein,element,RTN4,Q9NQC3,,,,,,
631,632057.0,RUBCN,Protein,element,RUBCN,Q92622,,,,,,
632,629895.0,RXRA,Protein,element,RXRA,P19793,,,,,,
633,626795.0,S100B,Protein,element,S100B,P04271,,,,,,
634,630691.0,SCARA5,Protein,element,SCARA5,Q6ZMJ2,,,,,,
635,631910.0,SCARB2,Protein,element,SCARB2,Q14108,,,,,,
636,627770.0,SDHA,Protein,element,SDHA,P31040,,,,,,
637,634965.0,SDS,Protein,element,SDS,P20132,,,,,,
638,631358.0,SEC16A,Protein,element,SEC16A,O15027,,,,,,
639,626730.0,SEMA3A,Protein,element,SEMA3A,Q14563,,,,,,
640,626953.0,SENP2,Protein,element,SENP2,Q9HC62,,,,,,
641,629245.0,SENP3,Protein,element,SENP3,Q9H4L4,,,,,,
642,629685.0,SENP5,Protein,element,SENP5,Q96HI0,,,,,,
643,629508.0,SESN2,Protein,element,SESN2,P58004,,,,,,
644,632388.0,SFN,Protein,element,SFN,P31947,,,,,,
645,629901.0,SFPQ,Protein,element,SFPQ,P23246,,,,,,
646,631263.0,SHANK2,Protein,element,SHANK2,Q9UPX8,,,,,,
647,626568.0,SHH,Protein,element,SHH,Q15465,,,,,,
648,629008.0,SIAH3,Protein,element,SIAH3,Q8IW03,,,,,,
649,629761.0,SIGMAR1,Protein,element,SIGMAR1,Q99720,,,,,,
650,626928.0,SIK2,Protein,element,SIK2,Q9H0K1,,,,,,
651,626831.0,SIRPA,Protein,element,SIRPA,P78324,,,,,,
652,628750.0,SIRT1,Protein,element,SIRT1,Q96EB6,,,,,,
653,626942.0,SIRT2,Protein,element,SIRT2,Q8IXJ6,,,,,,
654,627454.0,SIRT3,Protein,element,SIRT3,Q9NTG7,,,,,,
655,628082.0,SIRT5,Protein,element,SIRT5,Q9NXA8,,,,,,
656,630690.0,SLC11A2,Protein,element,SLC11A2,P49281,,,,,,20161623.0
657,633310.0,SLC16A1,Protein,element,SLC16A1,P53985,,,,,,
658,633325.0,SLC16A4,Protein,element,SLC16A4,O15374,,,,,,
659,631633.0,SLC16A7,Protein,element,SLC16A7,O60669,,,,,,
660,634929.0,SLC17A6,Protein,element,SLC17A6,Q9P2U8,,,,,,
661,634930.0,SLC17A7,Protein,element,SLC17A7,Q9P2U7,,,,,,
662,627403.0,SLC18A2,Protein,element,SLC18A2,Q05940,,,,,,
663,628751.0,SLC1A1,Protein,element,SLC1A1,P43005,,,,,,
664,626772.0,SLC1A2,Protein,element,SLC1A2,P43004,,,,,,
665,626742.0,SLC1A3,Protein,element,SLC1A3,P43003,,,,,,
666,634938.0,SLC1A4,Protein,element,SLC1A4,P43007,,,,,,
667,628184.0,SLC25A1,Protein,element,SLC25A1,P53007,,,,,,
668,627948.0,SLC25A10,Protein,element,SLC25A10,Q9UBX3,,,,,,
669,627840.0,SLC25A11,Protein,element,SLC25A11,Q02978,,,,,,
670,628123.0,SLC25A12,Protein,element,SLC25A12,O75746,,,,,,
671,627889.0,SLC25A20,Protein,element,SLC25A20,O43772,,,,,,
672,628067.0,SLC25A23,Protein,element,SLC25A23,Q9BV35,,,,,,
673,630990.0,SLC25A28,Protein,element,SLC25A28,Q96A46,,,,,,
674,630999.0,SLC25A37,Protein,element,SLC25A37,Q9NYZ2,,,,,,
675,627937.0,SLC25A4,Protein,element,SLC25A4,P12235,,,,,,
676,628218.0,SLC25A5,Protein,element,SLC25A5,P05141,,,,,,
677,628223.0,SLC25A6,Protein,element,SLC25A6,P12236,,,,,,
678,633192.0,SLC2A1,Protein,element,SLC2A1,P11166,,,,,,
679,629535.0,SLC38A9,Protein,element,SLC38A9,Q8NBW4,,,,,,
680,633188.0,SLC3A2,Protein,element,SLC3A2,P08195,,,,,,
681,630656.0,SLC40A1,Protein,element,SLC40A1,Q9NP59,,,,,,
682,628699.0,SLC6A3,Protein,element,SLC6A3,Q01959,,,,,,
683,635010.0,SLC7A10,Protein,element,SLC7A10,Q9NS82,,,,,,
684,626525.0,SLC7A11,Protein,element,SLC7A11,Q9UPY5,,,,,,
685,634071.0,SLC7A5,Protein,element,SLC7A5,Q01650,,,,,,
686,628306.0,SLC8B1,Protein,element,SLC8B1,Q6J4K2,,,,,,
687,627099.0,SNAP25,Protein,element,SNAP25,P60880,,,,,,
688,626761.0,SNCA,Protein,element,SNCA,P37840,,,,,,
689,628696.0,SNCAIP,Protein,element,SNCAIP,Q9Y6H5,,,,,,
690,626607.0,SOCS1,Protein,element,SOCS1,O15524,,,,,,
691,626678.0,SOCS3,Protein,element,SOCS3,O14543,,,,,,
692,626839.0,SOD1,Protein,element,SOD1,P00441,,,,,,
693,627825.0,SOD2,Protein,element,SOD2,P04179,,,,,,
694,627578.0,SOD3,Protein,element,SOD3,P08294,,,,,,
695,634167.0,SP8,Protein,element,SP8,Q8IXZ3,,,,,,
696,629435.0,SPR,Protein,element,SPR,P35270,,,,,,
697,627272.0,SQSTM1,Protein,element,SQSTM1,Q13501,,,,,,
698,626798.0,SRA1,Protein,element,SRA1,Q9HD15,,,,,,
699,626560.0,SRC,Protein,element,SRC,P12931,,,,,,
700,629812.0,SREBF1,Protein,element,SREBF1,P36956,,,,,,
701,630326.0,SRF,Protein,element,SRF,P11831,,,,,,
702,628659.0,SSBP1,Protein,element,SSBP1,Q04837,,,,,,
703,634120.0,SST,Protein,element,SST,P61278,,,,,,
704,628841.0,ST13,Protein,element,ST13,P50502,,,,,,
705,626513.0,STAT3,Protein,element,STAT3,P40763,,,,,,
706,629506.0,STK11,Protein,element,STK11,Q15831,,,,,,
707,630557.0,STK24,Protein,element,STK24,Q9Y6E0,,,,,,
708,630523.0,STK25,Protein,element,STK25,O00506,,,,,,
709,630519.0,STK3,Protein,element,STK3,Q13188,,,,,,
710,630500.0,STUB1,Protein,element,STUB1,Q9UNE7,,,,,,
711,632587.0,SUMO1,Protein,element,SUMO1,P63165,,,,,,
712,626791.0,SYK,Protein,element,SYK,P43405,,,,,,
713,631204.0,SYNJ1,Protein,element,SYNJ1,O43426,,,,,,
714,631461.0,SYP,Protein,element,SYP,P08247,,,,,,
715,629794.0,SYT1,Protein,element,SYT1,P21579,,,,,,
716,628712.0,SYT11,Protein,element,SYT11,Q9BT88,,,,,,
717,627114.0,SYT12,Protein,element,SYT12,Q8IV01,,,,,,
718,631451.0,SYVN1,Protein,element,SYVN1,Q86TM6,,,,,,
719,629225.0,TAB2,Protein,element,TAB2,Q9NYJ8,,,,,,
720,631773.0,TAB3,Protein,element,TAB3,Q8N5C8,,,,,,
721,626874.0,TAC1,Protein,element,TAC1,P20366,,,,,,
722,630508.0,TAOK3,Protein,element,TAOK3,Q9H2K8,,,,,,
723,631711.0,TBC1D5,Protein,element,TBC1D5,Q92609,,,,,,
724,634133.0,TBR1,Protein,element,TBR1,Q16650,,,,,,
725,627717.0,TECR,Protein,element,TECR,Q9NZ01,,,,,,
726,630705.0,TF,Protein,element,TF,P02787,,,,,,
727,628509.0,TFAM,Protein,element,TFAM,Q00059,,,,,,
728,629312.0,TFDP1,Protein,element,TFDP1,Q14186,,,,,,
729,629315.0,TFEB,Protein,element,TFEB,P19484,,,,,,
730,630925.0,TFR2,Protein,element,TFR2,Q9UP52,,,,,,
731,630646.0,TFRC,Protein,element,TFRC,P02786,,,,,,
732,633824.0,TH,Protein,element,TH,P07101,,,,,,28666800.0
733,626348.0,TICAM1,Protein,element,TICAM1,Q8IUC6,,,,,,
734,626350.0,TLR2,Protein,element,TLR2,O60603,,,,,,
735,626551.0,TLR3,Protein,element,TLR3,O15455,,,,,,
736,626290.0,TLR4,Protein,element,TLR4,O00206,,,,,,
737,626326.0,TLR9,Protein,element,TLR9,Q9NR96,,,,,,
738,626291.0,TNF,Protein,element,TNF,P01375,,,,,,
739,626372.0,TNFRSF1A,Protein,element,TNFRSF1A,P19438,,,,,,
740,627465.0,TOMM20,Protein,element,TOMM20,Q15388,,,,,,
741,631943.0,TOMM40,Protein,element,TOMM40,O96008,,,,,,
742,626955.0,TOMM70,Protein,element,TOMM70,O94826,,,,,,
743,629968.0,TP53,Protein,element,TP53,P04637,,,,,,
744,631867.0,TPCN2,Protein,element,TPCN2,Q8NHX9,,,,,,
745,633144.0,TPI1,Protein,element,TPI1,P60174,,,,,,
746,628626.0,TPPP,Protein,element,TPPP,O94811,,,,,,
747,631371.0,TRAF2,Protein,element,TRAF2,Q12933,,,,,,
748,631397.0,TRAF6,Protein,element,TRAF6,Q9Y4K3,,,,,,
749,627456.0,TRAK1,Protein,element,TRAK1,Q9UPV9,,,,,,
750,629055.0,TRAP1,Protein,element,TRAP1,Q12931,,,,,,
751,626635.0,TREM2,Protein,element,TREM2,Q9NZC2,,,,,,
752,632381.0,TRIM17,Protein,element,TRIM17,Q9Y577,,,,,,
753,633061.0,TRPC3,Protein,element,TRPC3,Q13507,,,,,,
754,632790.0,TRPV1,Protein,element,TRPV1,Q8NER1,,,,,,
755,630618.0,TUBB,Protein,element,TUBB,P07437,,,,,,
756,634760.0,TUBB3,Protein,element,TUBB3,Q13509,,,,,,
757,630615.0,TUBB4A,Protein,element,TUBB4A,P04350,,,,,,
758,630617.0,TUBB6,Protein,element,TUBB6,Q9BUF5,,,,,,
759,627011.0,TXN,Protein,element,TXN,P10599,,,,,,
760,633125.0,TXNIP,Protein,element,TXNIP,Q9H3M7,,,,,,
761,628075.0,TXNRD1,Protein,element,TXNRD1,Q16881,,,,,,
762,627887.0,TXNRD2,Protein,element,TXNRD2,Q9NNW7,,,,,,
763,629162.0,TYR,Protein,element,TYR,P14679,,,,,,
764,626790.0,TYROBP,Protein,element,TYROBP,O43914,,,,,,
765,628614.0,UBE3A,Protein,element,UBE3A,Q05086,,,,,,
766,629466.0,UCHL1,Protein,element,UCHL1,P09936,,,,,,
767,628450.0,UCP2,Protein,element,UCP2,P55851,,,,,,
768,628530.0,UCP3,Protein,element,UCP3,P55916,,,,,,
769,627084.0,ULK1,Protein,element,ULK1,O75385,,,,,,
770,627110.0,UNC13B,Protein,element,UNC13B,O14795,,,,,,
771,628676.0,UQCRC2,Protein,element,UQCRC2,P22695,,,,,,
772,627400.0,VAMP2,Protein,element,VAMP2,P63027,,,,,,
773,627088.0,VAMP8,Protein,element,VAMP8,Q9BV40,,,,,,
774,626767.0,VCAM1,Protein,element,VCAM1,P19320,,,,,,
775,627103.0,VCP,Protein,element,VCP,P55072,,,,,,
776,627457.0,VDAC1,Protein,element,VDAC1,P21796,,,,,,
777,632433.0,VDAC2,Protein,element,VDAC2,P45880,,,,,,
778,632491.0,VDAC3,Protein,element,VDAC3,Q9Y277,,,,,,
779,633639.0,VEGFA,Protein,element,VEGFA,P15692,,,,,,
780,632385.0,VIM,Protein,element,VIM,P08670,,,,,,
781,634180.0,VIP,Protein,element,VIP,P01282,,,,,,
782,629650.0,VMP1,Protein,element,VMP1,Q96GC9,,,,,,
783,628979.0,VPS13C,Protein,element,VPS13C,Q709C8,,,,,,
784,628908.0,VPS35,Protein,element,VPS35,Q96QK1,,,,,,
785,628873.0,VTI1B,Protein,element,VTI1B,Q9UEU0,,,,,,
786,631551.0,WIPI2,Protein,element,WIPI2,Q9Y4P8,,,,,,
787,627079.0,WNT1,Protein,element,WNT1,P04628,,,,,,
788,627080.0,WNT3,Protein,element,WNT3,P56703,,,,,,
789,630391.0,XBP1,Protein,element,XBP1,P17861,,,,,,
790,632345.0,XIAP,Protein,element,XIAP,P98170,,,,,,
791,631745.0,XPO1,Protein,element,XPO1,O14980,,,,,,
792,632391.0,XRCC6,Protein,element,XRCC6,P12956,,,,,,
793,631325.0,YME1L1,Protein,element,YME1L1,Q96TA2,,,,,,
794,630589.0,YWHAB,Protein,element,YWHAB,P31946,,,,,,
795,632304.0,YWHAZ,Protein,element,YWHAZ,P63104,,,,,,
796,629893.0,YY1,Protein,element,YY1,P25490,,,,,,
797,634633.0,ZBTB20,Protein,element,ZBTB20,Q9HC78,,,,,,
798,631552.0,ZFYVE1,Protein,element,ZFYVE1,Q9HBF4,,,,,,
799,630428.0,ZKSCAN3,Protein,element,ZKSCAN3,Q9BRR0,,,,,,
800,629119.0,ZNF746,Protein,element,ZNF746,Q6NUN9,,,,,,
801,626597.0,tat HIV,Protein,element,TAT,P17735,,,,,,
802,629899.0,ADCYAP1,RNA,element,ADCYAP1,P18509,,,,,,
803,630318.0,ATP5F1C,RNA,element,ATP5F1C,P36542,,,,,,
804,629945.0,ATP5MC1,RNA,element,ATP5MC1,P05496,,,,,,
805,634574.0,AXIN2,RNA,element,AXIN2,Q9Y2T1,,,,,,
806,630265.0,CALR,RNA,element,CALR,P27797,,,,,,
807,626413.0,CCL2,RNA,element,CCL2,P13500,,,,,,
808,626398.0,CCL3,RNA,element,CCL3,P10147,,,,,,
809,629884.0,CDKN1A,RNA,element,CDKN1A,P38936,,,,,,
810,635248.0,CHI3L1,RNA,element,CHI3L1,P36222,,,,,,
811,633020.0,CLCN7,RNA,element,CLCN7,P51798,,,,,,
812,630128.0,COX4I1,RNA,element,COX4I1,P13073,,,,,,
813,630138.0,COX4I2,RNA,element,COX4I2,Q96KJ9,,,,,,
814,629890.0,COX5A,RNA,element,COX5A,P20674,,,,,,
815,630336.0,COX5B,RNA,element,COX5B,P10606,,,,,,
816,630144.0,COX6A1,RNA,element,COX6A1,P12074,,,,,,
817,630167.0,COX6B1,RNA,element,COX6B1,P14854,,,,,,
818,629908.0,COX6C,RNA,element,COX6C,P09669,,,,,,
819,629989.0,COX7A2,RNA,element,COX7A2,P14406,,,,,,
820,630313.0,COX7B,RNA,element,COX7B,P24311,,,,,,
821,630224.0,COX7C,RNA,element,COX7C,P15954,,,,,,
822,630315.0,COX8A,RNA,element,COX8A,P10176,,,,,,
823,633011.0,CTSA,RNA,element,CTSA,P10619,,,,,,
824,633006.0,CTSF,RNA,element,CTSF,Q9UBX1,,,,,,
825,626416.0,CXCL2,RNA,element,CXCL2,P19875,,,,,,
826,630271.0,DERL1,RNA,element,DERL1,Q9BUN8,,,,,,
827,632927.0,DUSP1,RNA,element,DUSP1,P28562,,,,,,
828,630443.0,DYNC1H1,RNA,element,DYNC1H1,Q14204,,,,,,
829,630290.0,EDEM1,RNA,element,EDEM1,Q92611,,,,,,
830,630255.0,EDEM2,RNA,element,EDEM2,Q9BV94,,,,,,
831,632925.0,EGR1,RNA,element,EGR1,P18146,,,,,,
832,634684.0,EGR2,RNA,element,EGR2,P11161,,,,,,
833,634257.0,ETV1,RNA,element,ETV1,P50549,,,,,,
834,634658.0,ETV4,RNA,element,ETV4,P43268,,,,,,
835,634554.0,ETV5,RNA,element,ETV5,P41161,,,,,,
836,634591.0,FABP7,RNA,element,FABP7,O15540,,,,,,
837,634576.0,FGF8,RNA,element,FGF8,P55075,,,,,,
838,634555.0,FGFR3,RNA,element,FGFR3,P22607,,,,,,
839,632918.0,FOS,RNA,element,FOS,P01100,,,,,,
840,630257.0,GABARAPL2,RNA,element,GABARAPL2,P60520,,,,,,
841,634487.0,GAD2,RNA,element,GAD2,Q05329,,,,,,
842,633620.0,GLI1,RNA,element,GLI1,P08151,,,,,,
843,633009.0,HEXA,RNA,element,HEXA,P06865,,,,,,
844,630171.0,HSP90B1,RNA,element,HSP90B1,P14625,,,,,,
845,630135.0,HSPA1A,RNA,element,HSPA1A,P0DMV8,,,,,,
846,630280.0,HSPA1B,RNA,element,HSPA1B,P0DMV9,,,,,,
847,629981.0,IDH3A,RNA,element,IDH3A,P50213,,,,,,
848,630195.0,IDH3B,RNA,element,IDH3B,O43837,,,,,,
849,630402.0,IDH3G,RNA,element,IDH3G,P51553,,,,,,
850,633909.0,IL12B,RNA,element,IL12B,P29460,,,,,,
851,634439.0,IL1A,RNA,element,IL1A,P01583,,,,,,
852,633910.0,IL2,RNA,element,IL2,P60568,,,,,,
853,626429.0,IRF7,RNA,element,IRF7,Q92985,,,,,,
854,630407.0,KIF1A,RNA,element,KIF1A,Q12756,,,,,,
855,629934.0,KLC1,RNA,element,KLC1,Q07866,,,,,,
856,633008.0,LAMP1,RNA,element,LAMP1,P11279,,,,,,
857,630234.0,LMX1A,RNA,element,LMX1A,Q8TE12,,,,,,
858,630229.0,LMX1B,RNA,element,LMX1B,O60663,,,,,,
859,630230.0,MAP1B,RNA,element,MAP1B,P46821,,,,,,
860,634685.0,MBP,RNA,element,MBP,P02686,,,,,,
861,634570.0,MEST,RNA,element,MEST,Q5EB52,,,,,,
862,630151.0,NBR1,RNA,element,NBR1,Q14596,,,,,,
863,633646.0,NCF1,RNA,element,NCF1,P14598,,,,,,
864,635243.0,NCF2,RNA,element,NCF2,P19878,,,,,,
865,630279.0,NDUFB8,RNA,element,NDUFB8,O95169,,,,,,
866,630355.0,NKX6-1,RNA,element,NKX6-1,P78426,,,,,,
867,630014.0,NOTCH1,RNA,element,NOTCH1,P46531,,,,,,
868,626751.0,NPC1,RNA,element,NPC1,O15118,,,,,,
869,632935.0,PDYN,RNA,element,PDYN,P01213,,,,,,
870,629930.0,POLRMT,RNA,element,POLRMT,O00411,,,,,,
871,634408.0,POMC,RNA,element,POMC,P01189,,,,,,
872,634772.0,PTCH1,RNA,element,PTCH1,Q13635,,,,,,
873,630111.0,RICTOR,RNA,element,RICTOR,Q6R327,,,,,,
874,634095.0,RND2,RNA,element,RND2,P52198,,,,,,
875,630299.0,SDHB,RNA,element,SDHB,P21912,,,,,,
876,630283.0,SDHC,RNA,element,SDHC,Q99643,,,,,,
877,629868.0,SDHD,RNA,element,SDHD,O14521,,,,,,
878,630090.0,SESN3,RNA,element,SESN3,P58005,,,,,,
879,634773.0,SMO,RNA,element,SMO,Q99835,,,,,,
880,634575.0,SPRY1,RNA,element,SPRY1,O43609,,,,,,20237272.0
881,634573.0,SPRY2,RNA,element,SPRY2,O43597,,,,,,
882,630157.0,SURF1,RNA,element,SURF1,Q15526,,,,,,
883,630306.0,TFB1M,RNA,element,TFB1M,Q8WVM0,,,,,,
884,629870.0,TFB2M,RNA,element,TFB2M,Q9H5Q4,,,,,,
885,633022.0,TSPO,RNA,element,TSPO,B1AH88,,,,,,
886,633022.0,TSPO,RNA,element,TSPO,P30536,,,,,,
887,633018.0,VPS11,RNA,element,VPS11,Q9H270,,,,,,
888,633021.0,VPS18,RNA,element,VPS18,Q9P253,,,,,,
